{
	"class_name" : "PinholeCameraParameters",
	"extrinsic" : 
	[
		-0.97373321473395558,
		-0.14049643926044234,
		0.17917694349165955,
		0.0,
		-0.14149254895093757,
		0.98991260130898717,
		0.0072732634381456286,
		0.0,
		-0.17839138184128472,
		-0.018269984258640529,
		-0.98378997888774311,
		0.0,
		-62.537449321016823,
		66.96328331503878,
		1032.88565812857,
		1.0
	],
	"intrinsic" : 
	{
		"height" : 1017,
		"intrinsic_matrix" : 
		[
			880.74783564877418,
			0.0,
			0.0,
			0.0,
			880.74783564877418,
			0.0,
			959.5,
			508.0,
			1.0
		],
		"width" : 1920
	},
	"version_major" : 1,
	"version_minor" : 0
}